Cluster,Age,Annual_Income_USD,Spending_Score
0,44.83394065590838,114826.90733992711,57.885996876626756
1,44.517828632251195,56555.10377860564,48.155934007450774
2,42.63674446439258,110476.76002393776,20.97965290245362
3,42.26630727762803,51298.09919137466,44.45822102425876
4,43.326762246117084,94251.1714456392,76.86200716845879
